﻿{"cameraMode":{"drawMode":0,"name":"Shaded","section":"Shading Mode"},"sceneLighting":true,"audioPlay":false,"sceneViewState":{"showFog":true,"showMaterialUpdate":false,"showSkybox":true,"showFlares":true,"showImageEffects":true,"showParticleSystems":true},"in2DMode":false,"pivot":{"x":2.1990766525268556,"y":8.22726821899414,"z":14.30246639251709},"rotation":{"x":-0.17993389070034028,"y":0.6406368613243103,"z":-0.15800441801548005,"w":-0.7295498251914978},"size":5.468925476074219,"orthographic":false}